AL,Huntsville
AL,Mobile
AL,Tuscaloosa
AL,Birmingham
AL,Montgomery
AK,Anchorage
AZ,Glendale
AZ,Tucson
AZ,Chandler
AZ,Mesa
AZ,Phoenix
AR,Fort Smith
AR,Little Rock
AR,Jonesboro
AR,Fayetteville
AR,Springdale
CA,San Diego
CA,Los Angeles
CA,San Jose
CA,San Francisco
CA,Fresno
CO,Fort Collins
CO,Denver
CO,Aurora
CO,Lakewood
CO,Colorado Springs
CT,Bridgeport
CT,Stamford
CT,New Haven
CT,Waterbury
CT,Hartford
DE,Wilmington
DE,Dover
DC,Washington
FL,Miami
FL,Orlando
FL,St. Petersburg
FL,Tampa
FL,Jacksonville
GA,Atlanta
GA,Savannah
GA,Athens-Clarke County
GA,Augusta-Richmond County
GA,Columbus
HI,Honolulu
ID,Pocatello
ID,Boise City
ID,Nampa
ID,Meridian
ID,Idaho Falls
IL,Joliet
IL,Naperville
IL,Aurora
IL,Rockford
IL,Chicago
IN,Fort Wayne
IN,South Bend
IN,Carmel
IN,Evansville
IN,Indianapolis
IA,Des Moines
IA,Cedar Rapids
IA,Iowa City
IA,Davenport
IA,Sioux City
KS,Overland Park
KS,Wichita
KS,Kansas City
KS,Olathe
KS,Topeka
KY,Owensboro
KY,Bowling Green
KY,Covington
KY,Lexington-Fayette
KY,Louisville
LA,Shreveport
LA,Lafayette
LA,Lake Charles
LA,Baton Rouge
LA,New Orleans
ME,Portland
MT,Missoula
MT,Billings
MT,Great Falls
MT,Bozeman
NE,Omaha
NE,Bellevue
NE,Grand Island
NE,Lincoln
NV,North Las Vegas
NV,Henderson
NV,Sparks
NV,Reno
NV,Las Vegas
NH,Manchester
NH,Concord
NH,Nashua
NJ,Elizabeth
NJ,Clifton
NJ,Newark
NJ,Paterson
NJ,Jersey City
NM,Albuquerque
NM,Rio Rancho
NM,Las Cruces
NM,Roswell
NM,Santa Fe
NY,Buffalo
NY,Rochester
NY,New York
NY,Yonkers
NY,Syracuse
NC,Raleigh
NC,Winston-Salem
NC,Greensboro
NC,Durham
NC,Charlotte
ND,Bismarck
ND,Minot
ND,Grand Forks
ND,Fargo
OH,Akron
OH,Cleveland
OH,Cincinnati
OH,Toledo
OH,Columbus
OK,Lawton
OK,Tulsa
OK,Norman
OK,Broken Arrow
OK,Oklahoma City
OR,Gresham
OR,Salem
OR,Hillsboro
OR,Portland
OR,Eugene
MD,Rockville
MD,Gaithersburg
MD,Baltimore
MD,Frederick
MD,Bowie
MA,Boston
MA,Cambridge
MA,Lowell
MA,Worcester
MA,Springfield
MI,Sterling Heights
MI,Detroit
MI,Warren
MI,Ann Arbor
MI,Grand Rapids
MN,Rochester
MN,St. Paul
MN,Bloomington
MN,Minneapolis
MN,Duluth
MS,Hattiesburg
MS,Gulfport
MS,Jackson
MS,Biloxi
MS,Southaven
MO,St. Louis
MO,Kansas City
MO,Springfield
MO,Columbia
MO,Independence
PA,Reading
PA,Philadelphia
PA,Erie
PA,Pittsburgh
PA,Allentown
RI,Warwick
RI,Cranston
RI,Providence
RI,Pawtucket
RI,East Providence
SC,Columbia
SC,Charleston
SC,North Charleston
SC,Mount Pleasant
SC,Rock Hill
SD,Rapid City
SD,Sioux Falls
TN,Knoxville
TN,Nashville
TN,Clarksville
TN,Memphis
TN,Chattanooga
TX,San Antonio
TX,Fort Worth
TX,Dallas
TX,Austin
TX,Houston
UT,Salt Lake City
UT,West Jordan
UT,West Valley City
UT,Provo
UT,Orem
VT,Burlington
VA,Norfolk
VA,Richmond
VA,Chesapeake
VA,Newport News
VA,Virginia Beach
WA,Tacoma
WA,Spokane
WA,Vancouver
WA,Seattle
WA,Bellevue
WV,Charleston
WV,Huntington
WI,Madison
WI,Milwaukee
WI,Green Bay
WI,Racine
WI,Kenosha
WY,Cheyenne
WY,Casper
